vehicle_id,manufacturer,vehicle_model,battery_capacity,efficiency,weight,temperature,charging_cycles,vehicle_age,avg_speed,terrain_type,driving_style,range_km
1,Kia,EV6,77.32520201367241,3.5446848368335346,2362.7970775432286,33.89150390760204,564,8.082754395559377,90.97260733411255,mixed,sport,101.13188020632126
2,BMW,Kona,91.74182252480472,5.969305974340079,1716.7398000907756,33.97909274757646,806,2.5382107815669483,98.26516928247516,flat,eco,404.450190239371
3,Audi,Bolt,96.97123741945853,4.569432834339656,1595.7145555201616,33.52892125230034,320,2.45807439306153,31.316543298990815,mixed,sport,201.89575932068468
4,Kia,i3,48.82440885574228,4.460816617899204,1523.6385860463363,1.9398105690769647,912,4.027643984622519,48.65180697919905,hilly,sport,93.94654596622719
5,Chevrolet,e-tron,95.59525750968967,5.199118206732675,2141.971500443266,12.561967209049406,232,8.946427975776345,94.19122812750031,mixed,sport,212.1132174782297
6,Audi,Model 3,69.52697758477228,4.045634719662661,2107.0940360887807,39.249482807043755,669,0.004427814372078842,64.79581553704509,mixed,sport,154.35321703603697
7,Audi,e-tron,55.4946632979375,5.8749029598755635,2046.69741271407,28.600623815499517,436,9.013830966419349,89.62355522474473,hilly,normal,148.86356813402404
8,Kia,i3,67.54814537429567,5.46586253603888,1731.9470961159755,-8.64162893872201,780,1.5380702464160778,61.226639376110256,flat,sport,180.54375938439142
9,Nissan,i3,98.80195451712862,3.7235275057806487,1890.9059959055146,-6.739770436975397,532,9.90086376067482,65.16796370966733,hilly,eco,169.08579799209954
10,Chevrolet,i3,69.55708563957218,4.543951939462321,2094.476335186173,13.196568840616639,402,9.54846993038468,44.28109863207165,mixed,normal,167.87486388478507
11,Kia,e-tron,59.72509661725049,5.6977957689054115,1996.7668588591694,35.461010293078004,52,4.946751895912833,53.2407917699544,flat,normal,211.19420427479318
12,Chevrolet,EV6,78.00405125900355,5.861830055728525,2487.7855202148876,16.935089897635713,786,5.127202478126281,84.48705817568285,hilly,sport,195.21830839112732
13,Chevrolet,i3,54.408737126691584,4.668503778124674,1636.439752556733,14.890625401714512,312,4.815493402758543,68.98468001836497,flat,normal,204.08075987831648
14,Audi,Kona,44.551799686519836,5.033528473026769,2195.144554047594,-4.726315002168471,280,6.354436456595226,99.68724146501356,flat,sport,101.12948032442034
15,BMW,e-tron,47.73278331463895,3.917584865230188,1904.318768104292,22.839005236214703,725,0.9072170223493103,106.73264594445085,hilly,eco,108.89504458838123
16,Chevrolet,i3,47.682750337466345,5.977921565342442,1928.1996149256147,31.105158030011275,30,0.32617948341566505,78.74817763950838,flat,sport,183.80811016548535
17,Hyundai,Kona,49.11416161073766,4.079179253458609,2217.5977656581763,9.021000375378115,336,0.5770292841589886,98.24405628504532,hilly,normal,111.23821057310175
18,Audi,EV6,48.32963035896461,5.856829435337814,2192.43615132437,28.780592546266377,182,4.443653492415144,57.6214061875113,mixed,eco,175.2179145397301
19,Nissan,Bolt,78.45248468819287,5.124116622480921,2491.2559937021883,38.22383269504058,22,2.755479392194834,67.34740938600703,flat,sport,208.44127266101714
20,BMW,EV6,50.91280506394869,5.019341987197148,1628.3942894541253,0.18832295638445373,543,6.220395623709938,94.14999085951479,mixed,eco,134.28271675899688
21,Hyundai,i3,60.740036999431794,4.781721277541271,1604.1096493841662,16.166481559737065,445,9.92442289374779,64.75907935353277,mixed,eco,213.6074742542076
22,Hyundai,e-tron,93.80730459436072,4.076674529294396,2224.338817128741,4.356897904228777,73,3.8632317307646593,82.96544416430899,flat,normal,228.2604904282726
23,Nissan,Leaf,68.43769841577235,3.941320080013771,2078.386917006409,29.64272095169197,9,5.738412541045133,46.68355011742604,hilly,eco,158.52173658161308
24,BMW,i3,80.05346431126162,4.051215522675438,1774.1606665598058,18.879668294057875,483,4.156038959073355,83.97941834734482,flat,normal,243.70910784762415
25,Audi,Leaf,50.33919227209779,3.966095655360636,1579.4193689889867,21.72912087751519,455,8.472716677218594,107.53623365042043,mixed,eco,133.38400478264705
26,Tesla,Kona,51.53734112852025,5.448961183916883,1585.6582495964306,29.895707980794704,565,9.022364034622381,108.1775675841083,mixed,sport,138.37187199031612
27,BMW,Bolt,42.45211697598873,4.375313147916826,2394.1908746641184,9.798523633122745,563,8.7735561220526,95.19099656965857,hilly,eco,89.69310598579531
28,Nissan,Model 3,50.136103784329876,3.644606691408491,1691.867324718743,35.75450342035216,659,9.743722386792577,97.11780411685135,flat,sport,91.3811507100506
29,Hyundai,EV6,56.71542034191752,5.922756575352029,1823.3715621155206,16.651443362307,159,0.2751918514041529,80.21347006356307,mixed,sport,209.78612398600384
30,Audi,Bolt,50.62062905660481,5.709464712408565,1726.6564022269881,-2.1022588582325996,881,8.39816162145531,82.62012811492423,mixed,eco,161.01263275813656
31,BMW,i3,45.322152025423335,5.819380707988032,1854.9963058319372,24.794955908440123,13,7.5177217303909325,42.028552326946624,mixed,sport,135.5908799708995
32,Tesla,Leaf,47.238152266036046,5.987269556616088,1569.4238427460934,29.663067521912723,177,2.2869440940036476,69.9473269579171,hilly,eco,205.84436090281116
33,Tesla,EV6,67.64672608196355,3.934738123048718,2019.0597909082703,5.838083853376334,411,9.563200933875276,70.56986554977274,mixed,eco,152.26284894425982
34,Chevrolet,Leaf,52.38002310434755,4.490605047256647,1567.6125635922149,32.85896284993765,877,1.4817792822994547,116.26480521009661,mixed,sport,95.18967812638097
35,Chevrolet,e-tron,61.85619166288453,5.395596189260228,2300.3565078223614,35.30716273828832,52,6.795499271339084,68.79781763609606,flat,sport,189.348482036209
36,Kia,Leaf,70.20503625129142,5.240051545134481,1733.712081910433,3.845224368890447,407,2.248902168159125,79.44083804124818,flat,normal,284.35536713454275
37,Nissan,e-tron,81.42368971776192,3.8847397658496376,2040.0119146045106,39.1760736357611,846,4.313806487740747,77.99262593511922,mixed,sport,158.63381097746486
38,BMW,Kona,42.358728390465934,5.539582812476544,2380.0790875614584,-2.964423597562079,21,7.191598969445689,87.30855453398945,mixed,normal,96.73444914786442
39,BMW,EV6,87.96462393454256,4.061101429591652,2150.8773690471944,0.10078342012449859,29,5.633246420330467,97.34095481987063,flat,sport,169.5408935551363
40,Kia,EV6,77.67402336945446,4.059544037056558,2032.9577865513352,-0.7887580380986936,702,4.275018313281117,50.253768855378496,hilly,eco,171.3362477318877
41,Hyundai,Model 3,44.905541916932314,4.842436057233534,1824.3337531153757,34.69948550039352,259,3.2633843093198722,77.5851977188592,hilly,sport,103.52777994670245
42,Hyundai,i3,92.41471744640663,4.982349837104258,1833.001913058198,22.714627616248094,204,8.396596557087904,104.33259365844273,hilly,eco,254.0077754232816
43,Kia,e-tron,95.25234403190879,4.950215519594527,2169.48695519819,-2.3947858388863565,58,1.438143503148137,71.68032424537603,hilly,eco,280.91630720284763
44,Hyundai,Model 3,43.66467759129183,3.728717093494387,2494.1393612211677,12.016170918417448,470,4.301028765298001,55.06117917362157,hilly,eco,83.59538642943592
45,Chevrolet,Leaf,56.61265888883222,5.693652156575951,2161.8391898493787,20.764901253490102,775,9.037575717751421,88.92381678206692,hilly,normal,174.66481382915794
46,BMW,Leaf,88.37207678758368,4.164000106471765,2057.783417370025,-5.826795750530835,465,8.458495504599677,104.13906562192106,hilly,sport,110.52401841332556
47,Kia,Model 3,84.89558142301951,3.8237873032070104,2230.650510239246,34.12081842036694,11,4.009417624730467,35.68262636346522,hilly,eco,148.49409171443403
48,BMW,EV6,51.07126116138264,5.721870199672443,1965.2056122837182,30.180176772076756,630,7.6310836360130825,99.91114350665045,flat,eco,178.40492117152874
49,Tesla,Leaf,52.56095940020262,5.889128745574384,1560.1423426007852,15.26033867883191,926,8.231608307088592,103.94831396655941,hilly,normal,152.99392208080772
50,Chevrolet,Kona,62.22832616748292,5.655319043163626,2062.29681587791,38.35633076295852,973,8.888874240036298,71.53706348297462,hilly,sport,129.38210591700386
51,Audi,Kona,69.07137911146128,5.523790186812195,2457.6252845053805,10.888048963754986,289,5.44505769049228,118.49750911366206,hilly,sport,146.4004576874439
52,Chevrolet,Model 3,77.09528629181776,5.138104951597555,1675.3029423576597,39.20551595182489,849,2.044608860547118,100.80375066365782,mixed,normal,230.43107859353404
53,Kia,e-tron,62.134818374186345,4.877143426522848,2190.004890820666,23.395999940181355,759,2.5530907650393164,99.62963084060992,flat,normal,214.63274052302967
54,Audi,e-tron,67.75208296798887,3.7174668997785254,1700.9336886590565,21.733563662697073,353,2.956946740416042,97.30547169708646,flat,sport,169.6655559456921
55,Tesla,Model 3,84.8482562880254,4.5211330326767465,2035.8276844730813,-1.7022552352107496,638,5.938024808096155,43.55472928964466,flat,normal,205.68637904900655
56,Kia,e-tron,42.20099217343587,4.431721292530785,1596.6764496467197,34.0963879152322,74,0.3280962412860844,49.550779780770974,hilly,sport,100.74755323365632
57,Nissan,EV6,55.146216660641244,4.149384459400816,1950.370936258185,11.37448439603076,872,6.360424687799683,71.75911183179825,hilly,sport,107.94623557858529
58,BMW,EV6,82.80097515307315,5.308550284221463,2256.163328895246,-1.8883297108760324,715,3.64354238428232,53.76039149635193,mixed,eco,242.6033722896808
59,Tesla,e-tron,93.71241026123195,4.739689337696927,1847.571524238982,-9.369624001212047,560,2.9524180248964216,67.37168751006364,flat,eco,284.08835226114974
60,BMW,Kona,70.70064652693996,3.70261553976912,2164.911724487218,17.987784181919128,590,8.794965707281264,109.96176989306286,hilly,sport,110.81826151040264
61,Hyundai,e-tron,71.92680911591894,4.050458004874528,2295.449960789729,16.369981106133817,440,4.600023955807989,104.18942026913423,flat,sport,132.93585165989663
62,Nissan,EV6,46.430320680386565,5.20814690914899,2427.1778194794524,25.967681118457925,990,0.9505304553269278,86.7035890631984,mixed,sport,116.80444383189
63,Nissan,Bolt,66.84474200940727,3.6903271487257503,1734.6420818554536,34.512902650890105,240,8.26746768026247,107.23083548259932,mixed,sport,124.56025871173264
64,Tesla,i3,71.9570359873014,5.628017285121922,1899.315915809308,-6.029670767848524,860,0.476412574365066,100.53951501155242,mixed,sport,178.32397631966907
65,Nissan,Leaf,54.54823021808378,4.737866317534936,1652.4160133304174,26.574824517018115,153,7.267492241681967,68.60864386568014,flat,sport,170.64931147986354
66,Audi,Bolt,56.15459385696286,4.70146644331662,2492.4835021583754,-0.6294027951208889,785,7.7390622177066515,48.09586368449506,hilly,normal,107.50025041376888
67,Nissan,e-tron,62.63704978627736,4.981019461648794,2427.0009679242953,32.9088526578582,95,3.526026059288582,76.27809360084052,hilly,sport,120.10474019387539
68,BMW,Kona,41.20427186666358,5.561702414812872,2039.9571302805596,30.953175693082805,725,8.247878562777867,96.26059942756952,mixed,normal,104.90047606502995
69,BMW,Model 3,59.3247499349907,4.369523019755483,2342.0332943764215,17.03968774927722,293,5.156594058564535,69.27776388566338,hilly,normal,145.0980755219992
70,Kia,e-tron,52.68688041979268,5.195040381397659,2020.9579772720422,25.512139931165578,208,4.632936532727968,90.00947188055075,mixed,sport,135.68830990322613
71,BMW,Kona,59.64984113067488,4.914329909989478,2123.5856880027595,5.71750565918742,342,0.45403281468692547,38.489468366193925,flat,sport,155.310420028752
72,Kia,i3,47.18572790915508,4.167570675423553,1589.1244321160166,13.558394946640732,87,2.900291936489059,97.3204262734263,mixed,normal,137.12721678625473
73,BMW,e-tron,93.4316368443937,5.696574965887895,2255.2704204968077,31.08184488552358,817,9.310099708852999,103.14422579037559,flat,normal,286.6675994346974
74,Audi,EV6,75.61554721324292,5.493565054017321,1627.7134836352348,12.963259858660695,775,3.918239632835,93.61540702024871,mixed,sport,242.09731481024716
75,Kia,Model 3,80.74613914866939,5.1461295866460635,2326.0676302525285,7.889913266272089,936,5.467005205567683,117.0537228773729,hilly,sport,131.26111871217313
76,Chevrolet,Kona,87.3502743164403,5.626454322735604,2282.028087670386,14.710622362514993,389,5.320216789842518,104.39868517145764,hilly,normal,228.68254433639035
77,Hyundai,Kona,69.90653193574343,5.668235502399506,2208.7446977429763,31.412462621860918,324,5.9043108982269334,111.27843550888845,mixed,normal,183.30039197430932
78,Tesla,Kona,45.21521728524542,5.270907441787587,1536.160380524762,6.760402368543637,939,0.6133095564328261,114.02139751118833,hilly,normal,116.33838658146266
79,BMW,i3,72.22639250911287,5.59253332090918,1803.1283559453286,-1.31192034321281,888,3.6217625479872826,102.12131926864276,hilly,eco,192.12949845699092
80,Nissan,e-tron,75.21046708125274,5.243678654173209,1763.112569910843,25.60070101653904,831,7.231282738825541,90.68329578058493,hilly,normal,233.03609198210552
81,BMW,i3,84.7263684510598,5.200351929400751,1860.136407471519,31.29891063540409,156,2.005602510729829,30.514672322471036,flat,eco,307.44243688431817
82,Nissan,Leaf,65.89957277378076,5.046528445537961,1587.6427467638387,-4.968126073823333,667,2.0357837754636043,71.92431779008123,hilly,sport,156.1370209197935
83,Hyundai,Leaf,47.65481816773382,5.381791598894103,2436.9578230310626,1.9937056377972358,650,0.10090606689024728,81.4046068760125,flat,sport,141.53303385821994
84,Hyundai,e-tron,57.026554347923465,3.896512763232684,2053.8022407123763,-2.901400511950305,632,4.374819266082097,57.362724520319965,mixed,normal,122.54317780389817
85,Hyundai,EV6,61.78493778391811,5.702176897997321,1805.5243106580235,7.39707057910833,576,8.82734380673422,58.62940022131249,hilly,sport,163.86203301450644
86,Nissan,i3,78.75503447989607,5.6796088193630805,1896.9815170742834,12.517548945270633,618,0.5190094358730901,116.50434741391487,hilly,sport,189.32345067949882
87,BMW,Model 3,74.24669828013472,3.573118207586398,1947.2025405048357,27.44131684816532,658,1.9111870949600263,110.25397786824713,hilly,sport,120.82458697376872
88,Hyundai,Kona,61.36580355387078,5.564541876411907,2100.5943333606174,22.557379244083705,136,3.1008453834275507,106.42611049515338,mixed,sport,162.70648680933365
89,Audi,Kona,99.19091492757877,3.822174668683613,2015.679427696498,21.046428373921557,922,7.317247365642129,66.54106215354996,flat,eco,308.5822248134378
90,Kia,e-tron,76.34648916141323,4.337797135647855,2419.3919732144172,7.618747330482719,673,6.4063559280258655,31.23286953680231,flat,eco,183.66376681980978
91,Nissan,EV6,54.233607504159664,5.35877064072902,1996.9634829058302,32.072377654238,427,4.159439045818551,37.220002181014266,hilly,normal,142.67589636527896
92,Nissan,Leaf,46.106948357224226,3.9018997401207707,2492.1580148233124,13.564358369908227,451,7.590689392583757,58.09767313958433,mixed,normal,101.10321105847191
93,BMW,Leaf,49.171548351059926,5.544917560297655,2351.4249577450955,38.95524690075773,611,6.096310116569019,31.41686216961093,mixed,normal,124.95620141463823
94,Nissan,Kona,54.757463703070485,5.580335444894355,1708.5105143573358,21.70710691478684,849,8.96040799657219,31.54348037236783,mixed,sport,140.005688903677
95,Nissan,e-tron,49.64088239557334,4.768669334402091,2430.5952146439163,-3.6867629217748634,910,8.18026749138693,112.494297147817,mixed,sport,101.81674272903471
96,Hyundai,i3,51.19402144307834,3.515964679292084,1616.366397885476,23.808878103771697,818,2.5281360608920056,93.55426519071486,mixed,eco,132.64531653427042
97,BMW,Leaf,57.10571012163082,4.217595332937282,2317.449708491192,6.255200771584949,140,2.7143857763420023,57.80603910613374,flat,eco,198.96627830020554
98,Hyundai,i3,50.40241571768529,5.042317295939355,1880.62329347658,24.31635983430487,82,1.2535647579238562,41.93801198408578,flat,normal,179.1700693722397
99,Kia,EV6,93.8059254775855,5.952965445068559,2377.9743204450697,-6.517942591879713,176,3.369647257174565,76.04721461055695,flat,eco,329.5383917305882
100,Kia,Leaf,44.81402473969853,5.079533817541671,2368.0566901074503,-1.2559281412020304,197,9.995439187190943,30.4811544768928,hilly,eco,108.8264807701312
101,Hyundai,Leaf,71.47068337421528,4.149508952660399,2305.9254001176214,32.786862945289315,623,4.05751168615061,114.45723694723296,mixed,eco,149.1925661154361
102,Kia,Bolt,64.6238096193797,5.0850142577490285,2290.0304363070613,1.3589778511757444,567,2.204884346891064,67.33336074500525,hilly,eco,195.66874452664084
103,BMW,Leaf,98.94271701451638,4.849963449289639,1804.6791390980407,31.852056262147002,971,7.62482884475553,66.21014597135995,mixed,eco,328.4926735052594
104,Tesla,Model 3,46.72233413008314,5.449613487877859,1580.9192830512523,3.9638044227205214,690,5.42471003462656,65.1534246823604,flat,normal,178.9325255195657
105,Hyundai,e-tron,63.871335942744494,3.767451597067396,1902.9801787651613,22.144095502935386,420,1.4960144952695253,36.23954973489883,hilly,normal,132.1249917193902
106,Audi,e-tron,98.16822599652212,5.40256975625507,1673.5245149865086,24.707528675491552,400,3.8068968116086577,87.44900158126438,flat,eco,444.63817191900125
107,Audi,i3,91.93042755363882,4.853166446690276,2194.951088902462,15.632737657252648,697,4.144697155393433,95.97032576655181,mixed,normal,259.9252252968728
108,Nissan,EV6,89.02432425695679,5.907480009647486,1846.0997265377855,5.265533834836564,470,7.538297005692186,90.85128578294612,mixed,sport,241.1429241378714
109,Kia,Leaf,55.474169622696394,4.354680415096715,2475.610200859915,0.6322188185548061,217,0.20671368891904462,42.45919439964549,mixed,eco,124.96520727436413
110,Audi,Model 3,50.25325524340395,5.081554732834871,2140.972077345332,-8.34053227187869,924,2.690196467983105,82.09561512320333,flat,sport,119.4559552375246
111,Nissan,i3,80.11859319546586,5.830070263775044,2322.480563634361,5.197320062036191,928,5.17596301315522,81.25360357550284,mixed,normal,242.2296731124327
112,Tesla,Bolt,95.76255934765516,3.756274319976698,1632.5246727418485,22.65813952656415,827,2.6884674245284335,108.15697091472438,flat,normal,268.56318900594664
113,BMW,i3,73.40577358083578,5.8430712180911275,2362.0144822726224,36.91524092242413,986,6.284340474189989,64.12148925380822,hilly,sport,179.66254640412254
114,BMW,i3,74.29676136819398,5.219714305752033,2422.7571905133946,33.5602241131526,728,4.818674792746166,63.43373492934908,mixed,normal,207.96766513487438
115,BMW,Leaf,56.79874561961705,3.6695926477629297,1987.061918818936,28.30323882676513,631,3.617102548595806,85.6674352846367,mixed,eco,138.41247281351949
116,Audi,Bolt,86.16957599151621,4.252408917367041,2106.2529377509773,29.422367162664933,950,9.492086268705123,86.97653881495617,mixed,sport,167.19728249729238
117,Tesla,i3,51.2226249134514,5.2704302216132035,2264.8098009029954,23.249245173799764,905,6.321594991864574,72.23567045932114,hilly,eco,180.82910340245778
118,Audi,Model 3,59.42075418425462,3.6683765036719294,1674.8386272604125,3.01434287830015,174,1.2994137226794122,69.8753426097379,mixed,sport,144.90212145153993
119,Kia,Model 3,65.526186316985,4.955426150440683,2002.5660764634424,35.359751535291494,22,5.600916974433955,74.47329035740944,flat,normal,200.58146361084366
120,Audi,e-tron,70.4566227210673,4.364707642382392,1898.6630277723132,23.5366155952917,724,7.80731853200901,107.49407695529807,flat,sport,169.16619106617267
121,Tesla,Bolt,54.544583944904815,5.0522887944186925,1646.3739921622491,18.022031549021996,916,7.0848969749279735,71.50502111285189,mixed,sport,170.26040976917477
122,Tesla,Bolt,46.89020948435221,3.614355084531282,1867.5344222915314,-4.4505265393259466,234,1.7208922929525938,114.59386127728402,mixed,eco,99.57810299539464
123,Kia,e-tron,76.63720254649795,5.6788420153809405,1568.1723093854935,12.35277719032127,12,9.724199990401033,75.36033872366934,hilly,normal,253.67669625436824
124,Tesla,i3,57.31783319441534,5.933722422943492,1525.811906949487,13.017913560096314,100,4.48813645746606,115.42806238628023,hilly,eco,190.02845334541365
125,Tesla,Bolt,74.87429328535674,5.922194638214229,1635.1662891548228,33.228180476133495,928,1.590250037402613,104.95487116821681,hilly,normal,250.25320490868762
126,BMW,Model 3,49.26176291645214,5.374129579357312,2463.115111589174,17.332411009389425,535,1.8019575412814792,62.61881903542462,mixed,eco,205.45166347599042
127,Kia,Model 3,68.86840611128905,3.82521560032658,2049.529535895017,9.020027448520484,875,0.982349921890805,107.72772791669544,hilly,sport,127.51579800665426
128,Chevrolet,Leaf,71.95536595309515,5.395657989822556,2465.82216115322,38.840016425532966,522,8.035181084349343,39.90569557810037,hilly,eco,141.07916524581802
129,Chevrolet,Bolt,43.109412209345614,3.5614672911470038,1932.497878330132,-4.463970333684216,784,1.2203049432184865,113.2542457808713,flat,normal,97.7034273127157
130,Tesla,i3,60.196256691635234,3.555308878822493,1811.8161330852595,11.12742141559723,451,1.2512525714174694,86.84791635746025,hilly,normal,111.26353424812152
131,Chevrolet,e-tron,48.064880616338456,4.309025547873853,2006.1418628402441,-7.898766241429735,430,8.504716147608377,34.89516736700801,flat,sport,92.34719938056658
132,Chevrolet,e-tron,43.80249822836606,4.721607976011665,1939.5116886329101,26.995206038346517,792,3.446040844475596,87.98310512857304,flat,normal,124.68832415968767
133,Tesla,i3,99.39761394339672,5.426018544519483,1605.664684261744,35.90382760995753,605,0.3085790430807245,117.68228887302806,hilly,eco,300.21652006350536
134,Chevrolet,EV6,59.34123069848338,5.208238441516263,2140.8263146902063,4.001866477524471,712,0.5189529951841088,36.282058915316604,flat,sport,160.4904710417676
135,Audi,Kona,88.5924667512781,4.614756765941871,1716.0381825095997,32.91708383995604,532,1.4217044670389556,79.92189388020776,mixed,normal,278.7565734494521
136,Nissan,Leaf,55.27843928582583,4.184066665704165,2119.5879548978296,4.610911523094888,851,2.1339334797568954,97.30149147834352,mixed,normal,119.63971593289051
137,Kia,e-tron,80.89016333343577,5.992811250394277,2150.2010923981534,35.53850808219576,978,6.651461942384054,102.92327280295783,hilly,eco,230.15676343058266
138,Nissan,Bolt,85.61367159338118,4.565453255589932,1652.0248531286481,27.6980951798392,722,1.5732628000182824,67.24447187887162,mixed,eco,320.6764942495457
139,Tesla,Leaf,75.73832443647066,4.6284675608241885,1561.349627110668,30.24533884207193,651,1.18874391177072,48.374990325141866,flat,sport,219.20180009489408
140,BMW,Bolt,68.2945713130095,3.9090595529791727,2280.76158606844,-9.099672219977275,292,7.6471914147627915,33.810805089514545,mixed,normal,87.97583798065291
141,Kia,EV6,64.71045484883611,5.487023871874824,1959.80042376932,38.1405178537013,809,6.710552838599144,82.17535413875024,hilly,eco,186.80530111738324
142,Tesla,Model 3,60.93209599257972,5.234205564453721,1558.1637955054757,26.33354960351616,912,4.3532422145523615,70.76199632408498,hilly,sport,176.7725323363472
143,BMW,Leaf,95.77174865486955,4.051924031971901,2494.866317169767,5.237554769306666,100,5.493097714801039,115.38699556347399,flat,normal,178.48424510977497
144,Nissan,e-tron,89.83716446726375,3.7059526140396066,1557.7805609963666,31.469733242942347,501,3.119840203264185,35.45444169434188,hilly,normal,186.00092198440177
145,Tesla,Leaf,97.90161463999075,5.2012482551867825,2195.035228858553,4.0760599207464985,303,4.825004202353607,91.68558091014052,mixed,sport,236.78435941845925
146,Kia,Leaf,47.45783340913268,5.136278035702838,2483.6789252634135,33.6376919783064,870,5.066726489827458,32.246959990805145,hilly,sport,114.50480784895885
147,Kia,Leaf,83.85204851221866,4.183148817495523,1739.1801042159257,-4.3709804794031495,539,3.872372711780959,45.42907590394884,flat,eco,225.44085731843572
148,Hyundai,Kona,96.30042740926227,5.877158905626025,1642.2493686871962,25.184298873039786,552,9.065722106721628,70.82210999305508,hilly,normal,343.53888116709436
149,Audi,Leaf,50.87398396993961,3.8776447294522507,1621.384939422429,17.034923832245518,354,0.16061864981006146,70.93851985225814,mixed,normal,168.65955216483474
150,Chevrolet,Bolt,43.98977604200665,4.580837002606505,1803.2751475675955,-5.173276490227959,302,7.821712630912462,91.71304886402795,flat,normal,89.7672964043032
151,BMW,Model 3,84.46723895740354,5.859039800418997,1601.0458110106467,2.0946914129419483,495,1.2438283124132432,111.9191731380981,mixed,sport,231.01402031678546
152,Hyundai,EV6,74.46838679079471,4.549318292315306,2192.161341694132,-9.379798186134261,657,7.975473605371994,87.51289430234287,flat,eco,170.2349085321106
153,Chevrolet,i3,90.50972660549633,5.096314869160214,1562.2917981300627,13.438398273225292,767,6.159119156767212,115.8181588066358,hilly,normal,225.05449226466885
154,Chevrolet,Leaf,48.38634259757737,4.493985994906986,2009.4221281497898,5.063263038000018,973,8.432780909364023,109.34540758901979,flat,sport,99.59060671381162
155,Tesla,e-tron,87.71603871159341,4.185538005871675,2496.696853852977,19.91787421488794,226,0.9751432564089746,82.60498159777111,flat,normal,267.6389852019054
156,Chevrolet,Leaf,52.09763920286467,5.95994411989957,2313.9702695060187,4.8618903854308595,235,5.5898063409977405,105.04127558269445,hilly,eco,132.3518832691664
157,Audi,e-tron,49.81935657194227,4.523335015787607,2115.219438231011,4.995955575349235,872,5.010878802621971,87.83198492912706,mixed,normal,122.38512688334242
158,Kia,Bolt,49.85594787585958,5.735248009197836,1806.2536207866117,27.15965993658017,891,7.061931829633586,37.070204783135445,hilly,eco,150.92795958515345
159,Hyundai,e-tron,88.87448321388293,4.074886514727716,2123.8958362916383,-7.592858201082327,454,5.3429055189367585,96.65082509335589,flat,eco,169.23998148985814
160,Chevrolet,i3,79.911833241772,4.032761760062709,2027.0414639116516,35.144749759599364,12,5.407345671331042,38.54175971406116,hilly,normal,133.11759493303342
161,Tesla,Model 3,71.38392548614716,3.5778352072112782,1926.0833838903714,32.61319371955907,209,4.295959435760647,83.46745025127412,flat,normal,174.94718351460762
162,Audi,e-tron,61.529829047410146,5.129167063439713,1630.7103767401995,23.39023416132033,740,3.0883442400734085,93.2376185272406,hilly,eco,227.59074911914175
163,Nissan,e-tron,92.6320324487865,4.421315859309403,2386.6042152404666,19.661078505369215,396,4.822643612521922,35.987484738976974,hilly,sport,146.95561212521744
164,Kia,Model 3,63.546706445358126,5.6608956245990925,1949.7846488213224,34.615124906982615,99,1.1849235876840059,50.77151885338786,mixed,eco,235.4930494414756
165,Kia,i3,88.99596636829463,4.683024766728893,1694.622511820765,-0.7334910235642784,30,9.615133389830849,112.41050090354848,flat,normal,206.37900200986448
166,Hyundai,Leaf,66.3480945142131,5.920483569786804,1867.7593508772895,-6.051541890458569,897,7.144107636265983,85.46830430096068,mixed,normal,200.32213474546876
167,Kia,e-tron,62.61666576549445,3.9638137892578027,1914.129752528927,1.9755084954769053,527,9.524671166878468,52.16574169294785,flat,sport,112.75286387935395
168,Chevrolet,Model 3,67.76078714017639,5.671557919889027,2327.5378955668743,29.728913935009516,648,2.2672738232996323,92.1611794033206,hilly,eco,209.432754155943
169,Tesla,Bolt,58.08267244984852,5.441492131979354,2233.614380561402,-8.266486663675835,328,8.79341020176528,83.70987779655206,flat,eco,175.54968359814188
170,Kia,Model 3,84.85656281057507,5.42730461161013,2269.3048936413397,19.140341754174482,165,8.087899845635384,75.14181299261536,mixed,eco,320.32066117330737
171,Kia,Bolt,70.16322340554875,5.61195807029222,1511.0312644286473,39.77187580956549,458,6.771524124576737,117.85682774892753,mixed,normal,195.16239405869896
172,Nissan,i3,53.93276170880904,5.402559977357497,1916.1539981797614,32.78480469187697,821,6.250291860852057,91.5108399666758,mixed,eco,175.4247163712371
173,Nissan,Leaf,93.97447439647411,5.065550804078539,1981.3441516353237,16.072284452179474,951,3.1654966526786996,63.78969987011214,flat,sport,329.98919884388454
174,BMW,Model 3,63.033473282392684,3.828112194205969,1519.1922768230568,-6.817954535667883,981,8.164107849650307,102.00660888691812,mixed,normal,91.81825334403581
175,Audi,EV6,72.61317166683932,3.58131544872813,1759.8132087450342,31.568675719285494,992,5.015154614797338,109.6124963629069,mixed,normal,152.88151868423896
176,Chevrolet,EV6,94.38832665787282,5.8021196195392175,2260.289823122135,19.94892540886053,99,0.7089157589128536,41.26985035651483,mixed,eco,387.2471510202477
177,Kia,Kona,77.45427975483952,5.041625786301845,1637.109705728999,-4.253350147021658,620,3.1286316085513,48.04976800607398,hilly,sport,164.5426091732157
178,Kia,e-tron,47.013882442501846,5.49134322744044,2035.3101314525916,-5.30713575883219,854,9.352970985453275,49.46043082150017,hilly,normal,91.0304781051794
179,Tesla,i3,96.3899274168085,4.703805878781376,1715.2018720172375,35.48134097182962,172,8.506802606048463,92.20906284478863,flat,normal,252.38870596925997
180,BMW,Model 3,77.66248318428507,3.793270472405986,1512.1207746438934,23.46001314690392,748,9.819056980765392,84.2735599547955,flat,eco,233.9745205859606
181,Audi,EV6,60.09433687942517,3.812964480506376,1741.2014575995415,31.464339965837773,161,6.279933826040981,85.70924082287294,mixed,eco,159.52837662242388
182,BMW,e-tron,48.35632435980324,5.213913218072428,2475.873754910054,33.94894501411336,904,2.47510073140412,114.66959697205509,hilly,sport,107.02692384818765
183,Hyundai,EV6,87.64151135621776,4.575764737248656,2301.53711188299,18.58861760241611,727,1.6281504967686378,99.83203795265753,mixed,eco,276.4845693268604
184,Audi,Model 3,77.20436535571082,4.0013118167508415,2459.576644321033,15.872317587752065,775,1.8691444060846163,41.51432320606048,mixed,sport,154.82173585101413
185,Kia,Bolt,72.0076655185793,4.728986366853592,1987.8540439263625,11.521370516049508,262,0.19795658347254386,61.27563741826629,hilly,normal,205.09030322899122
186,Kia,Model 3,93.63355498305745,3.6605223426878353,1609.7361986775036,5.847329389555965,803,3.9068211098593917,69.1854281558162,hilly,sport,187.34112689917134
187,Audi,Kona,87.31583267347185,4.954928504785997,2047.959488973693,11.729798042935588,273,1.914276804995425,65.63654298728444,hilly,sport,215.69401920755124
188,Kia,Model 3,49.100492783965066,4.172483511087744,1954.377334559961,28.693982786507817,2,4.116554604567025,90.23777482456913,flat,sport,130.29819774970028
189,Chevrolet,Model 3,58.70332406773289,5.493897751592971,2344.357082739616,20.09617155075658,27,9.349944318387655,110.27037929309063,flat,normal,173.03641368840889
190,Audi,Kona,54.90934838886794,4.275904897308934,1598.0825807842446,34.6261644977423,325,4.3054020950719,57.54463171705092,mixed,eco,166.2175516941295
191,BMW,i3,84.63677755436062,4.6380503727045035,1988.2411370217783,12.169000718959385,939,8.779844969848348,79.66894227790671,flat,normal,264.7976220908709
192,Audi,Model 3,42.011946084146764,3.529051349770252,1650.0486646939842,20.3544789359377,148,6.055047666158765,101.04684797222271,hilly,eco,110.01468625534139
193,Kia,Kona,74.193381092279,3.681117219486397,1824.67592689006,21.565377654599438,539,2.471315546613919,67.45962529608144,hilly,sport,168.13337105536618
194,Chevrolet,e-tron,85.74752114444144,4.481233891016712,2237.3570773877996,19.584858115316276,487,3.558547592592114,45.13063155593663,flat,sport,217.32747648134722
195,Chevrolet,Bolt,92.60593820570497,4.699847086792809,1976.0181293687665,25.13168865427582,821,0.8391953582142941,72.74558687373735,mixed,sport,284.768303168725
196,Hyundai,Bolt,60.52490492295445,5.000051370298259,1875.8882851457693,1.8716734187403148,437,3.334625935960105,34.97002686687256,mixed,sport,126.79865655823032
197,BMW,Model 3,89.27543828032077,4.229156446773258,1894.4762785700354,15.618188877289533,64,6.775409455035341,114.81451086020492,flat,sport,197.47808183644645
198,Nissan,i3,46.63790421731243,5.237454715316357,1959.4467684059866,-4.788759859582616,355,0.7211109292943518,36.73390846754757,mixed,eco,121.45493310762457
199,Nissan,i3,90.7871375040711,5.650305992973012,2285.016543837057,9.225566382240629,532,2.0540140847802935,69.46110437255203,mixed,eco,364.36948224836584
200,Audi,e-tron,47.649319739918944,5.449627472233375,2392.0846889402346,14.38335343106322,251,3.814410414133115,77.68931349796736,mixed,sport,128.6086189454583
201,Hyundai,Model 3,63.837237433622036,3.599047063370893,2455.3346865039284,22.611212977273624,234,9.820495370159625,118.67734490585569,hilly,normal,108.69935652448027
202,Tesla,Bolt,87.83772194677321,4.701267368144572,2286.903386255295,37.526552629310174,226,7.848618229588801,44.941964127857474,hilly,normal,180.4440351268113
203,Audi,i3,48.99504564092643,3.762325446045437,1815.4068957480126,20.032553327417794,524,7.334867464921039,40.29883667511227,flat,sport,108.61831851917827
204,Hyundai,Model 3,53.75508371395849,4.105112539656319,2188.134706086542,27.179695808827987,312,1.1619095652544598,30.783553235628922,hilly,eco,123.71895016996194
205,BMW,EV6,83.33515410358397,5.966656483167866,1937.6031240553918,15.313302974760138,48,7.809958936149915,44.00142931823721,mixed,normal,292.7620912136118
206,BMW,i3,83.20219219276447,3.856238857253783,1754.6706220460512,21.705201568816566,117,7.852688115160151,48.65456811609009,hilly,normal,191.51275003356704
207,BMW,Kona,78.46885797311784,4.74722038362839,2340.8715794259224,-6.453389193311328,53,6.011026956243283,86.75228474247831,flat,normal,184.07520605968455
208,BMW,EV6,81.636906668026,5.0453893357952975,1538.426348962325,2.7195790420923487,649,9.903617819983719,49.773611135226034,hilly,sport,160.72481058795563
209,BMW,i3,72.56346660085578,5.25616242636026,2401.7619921354235,8.092654660256933,564,3.2525390592455192,31.84687332563927,mixed,normal,193.99739252944062
210,Hyundai,Bolt,55.10794353441717,4.899121708717285,1961.4774646247342,13.624667750325678,43,9.412724482418517,104.39565109522398,mixed,normal,120.20694018469833
211,Hyundai,Leaf,60.741759610235164,3.524427118547959,2137.2014768082804,-7.717562724880813,814,9.147311149565036,62.90361309035701,flat,normal,115.5022054324818
212,Chevrolet,EV6,50.89586300808554,4.31615327060998,2159.3539222057825,-2.9987951223341156,52,0.11480659749377842,61.83270179226605,hilly,normal,105.31863371250189
213,Nissan,e-tron,94.5070336800177,4.794279108461779,2395.117740706536,3.8407153895652897,585,4.50116526474811,57.22311262511339,hilly,eco,231.38212183831683
214,Kia,e-tron,75.00350768596724,3.7196662478620834,2136.669682167207,38.576634545052535,557,9.771042330515733,117.78359494317787,hilly,sport,109.1605132311831
215,BMW,Bolt,64.0510850058184,4.376567328022952,2113.933584760062,6.567350355152538,524,1.031213624080758,45.310387557835334,mixed,sport,135.64512482222017
216,Tesla,i3,67.72034821864796,3.5830077719784166,1566.65204056069,14.102052905604125,676,5.477846943833194,110.84142575579116,flat,eco,182.07900015039837
217,Kia,Model 3,96.83700037670891,3.6964462428875517,2018.408021945204,-0.19511436308035357,101,9.78957507041104,99.91229989258991,hilly,eco,165.49232256377746
218,Hyundai,i3,49.20108418696481,4.49230819050399,1650.1690008170417,20.53900355378841,791,5.554954241058602,36.88319599493818,mixed,sport,122.09076188383928
219,Tesla,Bolt,75.17378992100782,3.8317893851076508,2237.4337687214856,4.034160775798716,769,1.8981530297215599,118.80561913507638,mixed,normal,138.18637617636008
220,Tesla,e-tron,70.35332073306796,4.918852120653895,2012.2219208126744,0.34962892192133843,981,5.821832300925898,54.422936718510954,mixed,normal,181.8088706918784
221,Tesla,i3,76.68725412607887,5.223662422843164,2180.2277792083532,15.828631422298955,848,2.0444057394954687,38.87246343201711,hilly,sport,183.79410835410928
222,Chevrolet,e-tron,41.08661102925043,5.501466747772707,1541.6729006023843,-9.724710041978959,867,5.197042628944843,104.63828107131835,hilly,normal,88.83595220049968
223,Hyundai,EV6,92.3274345366491,4.000375610612025,1584.7920160458032,-9.616798367538733,397,0.74042217912348,93.60079803099299,hilly,eco,192.47065798442634
224,Tesla,Model 3,95.92709694901674,3.9187064556476745,2216.323388062682,0.9534404550928883,137,6.054826692144046,85.54969252901107,hilly,normal,156.1801646850208
225,BMW,EV6,73.90799101535254,3.7614196008360006,1572.0843359986734,-8.163931874958942,674,5.167899391281582,44.038277732903985,hilly,normal,113.87016018639169
226,Audi,e-tron,81.79904943261354,5.0910756238590915,1571.2567277652586,-4.598712293465431,920,7.401613687614631,73.06465046303657,hilly,normal,187.7054616780688
227,Tesla,e-tron,95.34996287063774,5.266189316217253,1512.1084752348875,6.943032466937581,386,6.30700471158785,100.25004241984924,hilly,sport,222.28825627996875
228,Chevrolet,Leaf,82.43431805880391,3.578965362064105,2456.50139829948,30.129283978990642,110,5.4960626853075665,57.32615443294562,hilly,eco,174.2239329481896
229,Kia,Leaf,49.15234257485568,5.840530615609225,2237.508359459007,18.602432168465043,613,6.897788492481212,58.05208456635373,hilly,normal,151.91409457035402
230,Hyundai,EV6,74.57730161000879,3.629928209128681,1853.2514085020641,15.63338629782082,16,1.4394191357223085,30.28268154433099,mixed,sport,152.9114572749251
231,Chevrolet,Kona,76.40290278297135,4.853240838252676,1796.5355812876553,4.674441160406083,779,5.953596612586041,45.68190614808416,hilly,normal,194.0961540368202
232,Tesla,EV6,65.44784027814316,5.2726512986272915,1849.7032297458495,36.587685971640816,181,1.7211060282277768,108.78650626096508,flat,eco,217.20967209575923
233,Hyundai,Leaf,84.18665413748337,5.677422809365214,2274.6535311811817,9.850752061859584,883,9.255222078518809,69.75718424739364,mixed,normal,256.00516411528923
234,Audi,e-tron,96.06202088614089,5.285217330331069,2161.3706110704143,-5.645361660211425,535,0.683341048456042,118.58110493109906,hilly,eco,225.16710849143803
235,Tesla,Bolt,95.53411077440657,5.50432020767448,1685.1955678674678,20.853325805890066,540,4.303747496907933,65.61371672164134,flat,normal,447.8517816174879
236,Chevrolet,EV6,67.05036228424792,4.348625481357015,1674.1093353340843,-4.30808032616993,170,6.957974776554448,94.36678093022171,hilly,eco,128.7993906716998
237,Nissan,e-tron,46.79428275044532,5.537062784366281,1598.3956497133972,7.261157140084606,408,4.580222116682587,55.37271386142562,flat,normal,180.24886374350496
238,BMW,Bolt,99.09047193774008,3.7002871159616877,2160.302719701338,15.370596935890443,739,0.9209525323290235,62.742867702684016,flat,eco,320.0156937857549
239,Kia,Bolt,90.33388518675605,5.737041640151319,2264.372662221736,33.71112623425879,377,5.533790161267074,47.16533888318052,flat,normal,290.4958721010653
240,Chevrolet,Leaf,47.47976087219601,4.868980940384341,1765.046428325004,14.677329017005935,187,6.4163190882735455,61.23561316494555,flat,normal,145.0097779432154
241,Hyundai,EV6,95.25051295704233,5.543244424906234,1520.9449610309127,25.112938301583213,857,7.037923109905076,79.25137683785789,mixed,sport,309.54864253087027
242,Tesla,i3,92.1937817237277,4.63079571129575,1582.1716674764273,39.64084194995352,229,3.7325981446275893,119.25955928813245,mixed,sport,177.62729648881228
243,BMW,Model 3,71.13028342756432,5.108944237991312,2467.8600348450304,-3.425544005100919,832,5.636599710287622,89.7781541764607,flat,eco,197.4527299394783
244,Tesla,Leaf,75.47652614469575,4.816006652340283,1795.4447774774203,3.7365762759759757,851,4.506864749389131,47.932135896748264,hilly,normal,198.05000360102437
245,Hyundai,Leaf,63.94016223220781,5.32897380438833,2269.2231478381336,9.72880377988232,118,6.720560387522534,34.0465297432396,flat,eco,202.57676983978268
246,Tesla,i3,43.28569832932188,3.7040749550764738,2124.6635688542638,11.091408926941568,155,5.835569673248186,41.372083318305954,mixed,sport,102.42937354425707
247,Nissan,Model 3,60.11183449875406,3.6508802099764095,1881.939639652896,10.551053763277288,783,5.2575621955913485,80.62996811457427,hilly,eco,147.40834458396776
248,BMW,e-tron,88.17120691588069,4.1177580850253666,1705.6872621955551,35.380550127827746,686,2.4952436683824866,98.86442959350897,mixed,eco,237.20081398088422
249,BMW,Kona,40.27792138027617,3.898861700282971,1621.3864181594065,25.70163222334282,464,0.020185177482339167,114.63772865706723,mixed,sport,121.36520745290102
250,Hyundai,EV6,60.00995030146865,5.679458916480504,2115.0129680388663,20.395260704535186,103,1.7408167531142926,31.424085479713874,hilly,normal,172.90688104300247
251,Kia,Kona,63.8901216154566,4.048034968395111,2274.633780637788,5.468635893139105,603,1.1706604142416865,77.04841274056828,flat,eco,184.25657597736105
252,Nissan,e-tron,72.24373617627538,5.939663139547829,2143.904253541131,31.189519211064734,697,4.4908474501094675,72.37806206008591,flat,sport,259.94826665327827
253,Chevrolet,Leaf,95.19133698476563,4.342239479427767,2030.3021332491583,37.75302557424945,971,6.122581507618446,89.04495197781335,flat,normal,253.83965800738477
254,Tesla,Model 3,60.780759661957674,3.9552947892217483,1541.9512234316362,31.059914127511327,794,2.1308500868480817,80.36209690188078,flat,sport,161.59197542769107
255,Audi,Leaf,60.81719211377366,5.474246267856198,2468.488777594384,-9.921744740426355,501,9.390570959671871,91.83352355242326,hilly,eco,109.66912276427068
256,Tesla,Bolt,84.25007488658491,5.14676943875219,2298.7141916545747,21.82006850917035,692,0.06682129223887778,89.22743262742713,hilly,normal,275.9261196368004
257,Tesla,Leaf,67.13307645338843,4.745489291132848,1792.8220367009649,-7.443230927894964,681,7.723010151653429,40.531055237215156,hilly,normal,117.58784014304314
258,Chevrolet,Leaf,53.47628937639892,4.888408877344078,2479.970329358851,2.880361016686093,698,6.252047695304422,101.97461222568477,mixed,sport,103.3905445113298
259,Tesla,e-tron,67.1463709679616,5.298004445680659,2101.881589636322,-7.023764982611416,174,3.735548010476819,41.090931814469236,hilly,sport,136.05416107993338
260,Nissan,e-tron,48.45142122278799,4.071136853328246,2082.4226582072465,20.189772647469386,733,0.5048894441240792,92.86775626882235,flat,sport,125.20939651346507
261,Nissan,e-tron,50.5832191903734,5.990834790141855,2248.073179429532,24.329495674630337,744,6.274865717842793,67.4530830876546,mixed,normal,185.34772029492433
262,BMW,Kona,69.90206636436878,5.936982905366958,2311.769788090138,-4.275618096704744,673,3.8561351286564802,76.24656611189381,flat,normal,229.81380703664365
263,Hyundai,Bolt,65.13552697027288,5.125814215867342,2156.4786073315026,9.191944152248976,420,9.362671394132192,111.29682129381395,flat,eco,192.53485512007177
264,Kia,e-tron,94.890754064086,3.998856127322863,1628.0957463662,12.8118254477771,133,5.419900748897659,110.08953538261379,hilly,normal,206.3054467287548
265,Audi,Model 3,61.74363394699799,5.200570606078228,1838.2675059944984,8.45265108804583,390,9.396515112935083,103.60706750895265,hilly,eco,157.77622368527145
266,Tesla,Kona,74.8353010166826,3.6804960224479397,2428.0836403260496,-3.9487499757403475,991,2.204836934733041,75.9133542410691,flat,sport,153.3383506559214
267,Tesla,i3,77.93585727517183,3.576631255514515,1724.6156118438519,10.947389509373771,735,7.257259103641033,96.26158291204499,flat,sport,153.15268995947622
268,Chevrolet,Model 3,40.78566739530002,4.144207221278034,1872.1670238375134,27.558902390420904,500,6.172490208487257,76.16073499669284,mixed,normal,123.497291602176
269,Hyundai,EV6,79.81224232100263,4.656557391848291,1932.0768829441959,-6.449616773337227,664,7.394082298313118,108.26454742272998,hilly,sport,112.69787282152022
270,Nissan,EV6,50.682158012185084,5.670681263520951,1939.404989694452,-5.990999295904827,32,2.146678639725368,66.24982499096099,mixed,sport,162.7203635467559
271,Audi,Model 3,97.66421904816731,5.317922674415771,2112.9395824945254,7.738564591799211,54,6.649945162377737,117.32118099733891,mixed,normal,253.86886382659767
272,BMW,e-tron,48.91976366518678,5.356766302999953,2443.0758377447078,37.08628558094625,953,4.98040393056869,113.90904824059898,mixed,eco,121.36665901290232
273,Nissan,i3,64.87744742362142,4.563733336120189,1740.692711832505,23.428632336145704,518,7.428249749063163,96.74423575066069,flat,normal,215.09067931560486
274,Hyundai,i3,45.12098008471863,4.364837481367408,1621.501376300918,23.933497833628238,755,3.2704464415181778,55.14742957584648,mixed,eco,171.9570637265948
275,Kia,Kona,99.81245511075684,4.427596907461506,1697.4704898599373,8.09599954189325,824,8.900570254652525,41.848822991393256,mixed,normal,253.23299667917348
276,BMW,i3,70.13170061987455,5.969123909340144,2386.9249002092693,19.68303956042692,637,0.8430131461135038,106.92331050838777,flat,normal,250.36213009803842
277,Kia,EV6,75.72310103920262,3.600272978531206,2145.810812655206,-9.49344079861283,11,8.071893187911881,44.877205752416515,hilly,sport,107.19351449290835
278,Chevrolet,Bolt,44.02458864330565,5.667578740306121,1785.9067892391602,21.80480232047711,527,8.613196258150907,106.88347100976021,hilly,normal,130.17889675135402
279,Chevrolet,e-tron,84.99762822395067,4.946688521430984,2315.9469389686174,35.66434737881184,719,8.172523113668213,74.16885060411244,mixed,normal,223.4595491591701
280,Tesla,i3,52.594335585735145,4.596538547973976,2361.3699963634363,20.62867341724096,554,5.12726394261776,66.59011054272938,flat,eco,195.13776722262912
281,Kia,Kona,93.88325736644282,5.313144151037841,2346.5143386902782,33.68492967331725,372,4.383849800307614,111.28717009509862,hilly,sport,178.55756007419427
282,Hyundai,EV6,52.308378428920435,4.716672353561757,2418.9265336395547,26.198652773304687,483,9.962622865248768,84.34658842862501,mixed,eco,151.83441095581486
283,Audi,Bolt,51.441263239819996,5.683558095204152,1752.2410201733617,-3.9720791798154877,972,2.291719512141621,81.8952606416746,mixed,eco,192.91680795953062
284,BMW,Leaf,42.192980070885696,5.751754660028146,2255.0419287462782,35.12266536429209,646,5.468759658760446,80.28893501619578,flat,sport,127.74663209877116
285,Nissan,Leaf,68.32401670659996,4.554302317183638,1960.53949727414,-6.677807782211255,227,6.706755253823255,63.40525644175783,mixed,sport,144.07665351618346
286,Hyundai,Bolt,73.89046799575698,4.192069493087629,2341.9985528900615,16.69837362738819,622,7.00867635861432,100.70787931762145,hilly,sport,127.4558736802694
287,Hyundai,EV6,43.94251836570114,4.980875821483405,2228.4906771616133,-2.8931438103271168,306,2.040246657385787,52.75185996141957,flat,normal,131.50270732491805
288,Chevrolet,Kona,86.53165700170064,5.780908364041728,2276.4474464997247,-9.414669463454796,456,6.539940923398012,114.50054640371475,hilly,sport,155.73378619270102
289,Kia,Bolt,67.19733008488166,4.026655472514166,2156.1618376810716,11.10171300638195,159,8.183695664813373,110.45866845422647,hilly,sport,95.65519287450353
290,Tesla,e-tron,71.4634161596548,5.0574164589087065,1677.4287694697068,4.7520353827078115,330,0.5001857682111222,60.37322931074084,hilly,sport,174.15990487059548
291,Tesla,e-tron,66.44576481629369,5.078900550231301,2045.0269188969382,14.30002468988015,775,9.115212933253165,95.65173928484974,mixed,eco,200.8196567915587
292,BMW,Leaf,64.04578365251956,5.332782556038202,2484.6697395245083,18.85999433672754,224,0.2950405514520593,81.59008750046323,mixed,eco,253.53944874887645
293,Chevrolet,i3,73.57841987849307,3.8289192128181497,2437.388066497119,-7.813046384552632,982,3.5597103248839437,60.38843717993112,hilly,normal,124.09690051792884
294,Hyundai,Kona,49.31441475584275,5.289562411705221,1543.1737357970117,-3.849835243812718,728,0.15813196232962068,118.9669483195902,hilly,eco,131.52408029825204
295,Audi,Leaf,50.91568782971627,5.772581301664102,1664.8148157294372,17.93211982252127,503,0.7714516853958187,32.27136112634378,flat,normal,229.90718814922354
296,Chevrolet,i3,91.70713726081104,3.9492077721756047,1631.7287734545619,7.158367658632912,455,9.11168285180079,52.7381427559158,flat,eco,277.6547470072826
297,BMW,i3,96.76692772801796,4.093858312309694,2225.9799099852953,26.4586743774724,44,3.5486083074614783,76.80666550000353,mixed,sport,225.47652297328688
298,BMW,e-tron,62.398558976785175,5.928487735104099,2317.7853298569453,22.614582429596986,213,4.247715304250529,76.97577031307074,mixed,eco,273.22942497118476
299,Chevrolet,EV6,56.244680388613226,3.952442381773724,1713.511366310672,32.28021814949534,58,2.1534438138255263,83.00397674510077,flat,normal,165.72704998105291
300,BMW,Model 3,78.63997259434095,5.635962733423948,2005.8526929518289,24.624641333461263,643,5.9709577018671975,97.65085548206274,hilly,eco,239.86818270378308
301,Chevrolet,EV6,64.52405026588579,4.7306946411200865,2340.7030280112,11.496553869507405,615,5.948032146777896,86.11300474673668,mixed,sport,120.99119140138035
302,Nissan,Model 3,41.52318133962069,4.118077686007942,2232.8015447662506,23.648331119721618,194,3.7220039182521925,84.02533144752333,hilly,normal,94.81319417864282
303,Chevrolet,Bolt,49.36915584197142,5.676874753181279,2042.2372054918483,3.769058712770926,924,3.3303487180539837,34.8163016621739,flat,sport,111.04768403123533
304,Kia,e-tron,82.95833373084386,4.613263137506664,2090.347690458773,5.315674938910634,488,8.849643081805878,63.887725901036845,mixed,sport,180.89416945889363
305,Chevrolet,i3,79.53543651460907,4.7870433848242255,2008.3605469162799,29.449257996039663,156,3.8328423964220137,50.88501657310404,mixed,normal,228.94513350049428
306,BMW,Kona,41.62575955020901,4.398083423499414,1797.5484513188205,12.32097582007911,609,4.935009921544083,53.88331004417779,flat,sport,98.83088509123289
307,Kia,Model 3,53.318329715976965,4.982377128587318,2065.021992859016,29.919017025917626,225,2.833047624249306,79.89037269063104,mixed,sport,146.91199406755925
308,BMW,EV6,53.86448779528428,3.908809681462557,2188.8853020500906,31.12111868341392,411,7.867695033571273,47.95547834366476,flat,eco,125.68500241001884
309,Tesla,i3,80.3135646159237,4.477703841629402,2373.322915860808,32.87811688306419,204,3.9744815689909165,56.45541909152078,mixed,sport,174.26845494761625
310,Tesla,Model 3,41.18263226526185,5.923530805838219,2136.291353979248,35.83176179206036,78,5.136110465443245,51.33762376656061,flat,sport,130.99372264576652
311,Kia,Model 3,46.24651491907443,4.145333581752819,2261.1215370431582,11.549261025664812,123,2.533571700596614,115.36526488963753,mixed,sport,92.98165837011558
312,Nissan,Model 3,87.99496512239136,5.14184166135323,1660.071634954573,5.9433409160569415,470,9.876595923412518,115.01991589539857,hilly,sport,156.78950799279497
313,Tesla,Kona,50.71267972326002,4.312975160561737,1961.55747441979,19.109937329705694,939,2.914957409237229,84.89474027364466,hilly,normal,139.34426832260326
314,Chevrolet,e-tron,79.16476647111247,5.4336828142165015,1509.3316198270934,8.558621171881377,217,7.707425309055517,113.207022185871,hilly,eco,207.8100995546046
315,BMW,Kona,54.29096686280359,3.8271841517958745,1746.678864521623,20.05370834001165,515,4.274956503567592,100.72313809215359,mixed,sport,119.04791997954078
316,Tesla,Leaf,45.96648356556071,5.9245526126963615,2226.461715113005,25.279293132191228,601,2.062174050841399,83.09530945216278,mixed,sport,136.80890606818664
317,Tesla,i3,54.590331459967246,4.634473853459098,2491.8099513493635,24.42025092460684,103,7.997187639648612,30.579169034711615,hilly,normal,110.25385420168146
318,Nissan,e-tron,83.33601591133956,4.09012615836616,1599.178099587216,8.727644351006067,392,3.3360678902904315,99.52646574714636,hilly,sport,156.0004126841297
319,Kia,e-tron,91.34178808637714,3.683741868325032,1901.4943158612882,-1.6569899150623595,630,8.651933473978112,93.22395074296219,flat,normal,162.8429735078707
320,Kia,e-tron,89.8131918740195,3.924394762718852,2300.0709686991595,11.526466923110377,644,9.15257184917823,85.37282879541726,flat,eco,218.99414359740237
321,Hyundai,EV6,63.83101177710729,4.799434871390044,1704.0356346288988,-2.8702927959045628,823,8.598238353912759,98.43818805142246,flat,eco,171.7081773442857
322,Nissan,e-tron,80.08510819423877,4.342507941078216,2055.084949302286,34.504851759190416,607,0.3500791480680565,76.16299482972892,hilly,sport,183.663452452766
323,Chevrolet,Kona,52.29905772494926,5.572208414706523,2233.071296029675,7.293873036892869,979,7.873733450051056,93.36749441892051,hilly,sport,111.57869981051026
324,Kia,e-tron,57.588863815660794,4.577218809154514,2115.9854502601793,-2.2770126388338108,433,4.113394664991439,114.1654878053844,hilly,sport,90.43722542434867
325,BMW,Bolt,93.78014911126718,4.121785681469075,1688.024734615416,-8.727612004712457,330,8.73722920182225,63.822451426147765,flat,normal,228.53832418026
326,Nissan,i3,40.780115410644164,5.042862466510075,1855.3845686857394,22.291119314324213,142,6.379542626847387,93.73096514105629,mixed,sport,116.05598111016722
327,Tesla,e-tron,45.13051185126808,5.266943042213614,2283.7917844853973,21.84511587273716,799,8.336431341439583,72.81190362098629,hilly,sport,106.5472083420187
328,BMW,i3,52.47317530876164,3.9176047697523746,2054.2265141320167,7.030208329064582,539,4.994317698668354,90.69596866325834,mixed,eco,111.54771771851809
329,BMW,Bolt,41.59193223242918,3.919048040720794,1505.2296135429128,-6.4144055576174495,277,5.3502550459893286,98.66040019989278,mixed,sport,95.75406420519806
330,Tesla,Bolt,50.88612610538784,3.5916785673338576,2260.990760028094,10.4814447447616,232,1.4438763213366723,34.09072503922164,mixed,eco,108.38438986152475
331,Nissan,i3,74.98249365818154,5.341005037664101,1535.311354940239,5.56087475316968,528,7.839873586893554,88.19403995537957,flat,sport,225.3614060777893
332,Tesla,Model 3,65.28547303554987,5.159511319054513,2245.733782731232,23.856031986750466,570,4.193896116669716,50.406706596625014,mixed,eco,231.50326131213043
333,Hyundai,Leaf,93.56030266461849,4.6865771893745345,1702.4805601652374,20.288962472634516,89,5.000801182715826,90.302928402681,hilly,sport,238.73632283812216
334,BMW,EV6,89.04661370430645,5.610426122422993,2458.0734801193803,8.229686409877,491,7.850977140957076,72.14971673404321,flat,eco,310.7464530586818
335,Audi,Model 3,60.509041101872555,5.514175382375133,1867.9407513020844,0.8946277127495055,198,5.988454000794389,99.61974676783984,hilly,normal,152.08823945986174
336,Audi,Model 3,55.56540600587755,4.96338591099188,1826.931616338079,39.40179830777959,361,2.0109872744266744,41.10607336850368,hilly,eco,148.52086085518255
337,Chevrolet,Kona,62.78154449003601,5.670678201283147,1648.8880503324447,12.700081059805743,440,5.902326591508928,86.36901164905757,flat,eco,311.9950198904204
338,Kia,EV6,75.41769655088846,4.014603025091921,1805.6042154902148,24.413711789011856,25,4.076328579796558,55.062365603479705,hilly,eco,203.86324872999614
339,Tesla,EV6,56.08381844937257,3.77979904849432,2376.6507618282003,-2.9723516210819607,24,4.6952554204386265,106.76837957975323,hilly,sport,93.77346801538629
340,Tesla,Model 3,77.44893447094805,4.174374028792474,2496.3343376272474,14.27948498296989,393,0.28311274402667785,113.55451550726767,flat,sport,162.46436120007795
341,Chevrolet,e-tron,64.56469913147443,3.642717140223287,1868.3095305068482,-8.623164006526725,506,2.1002934951628163,119.67584643111499,hilly,sport,99.91431711989235
342,Chevrolet,Kona,73.1228308511188,4.82792382000258,1948.6106309545426,15.272755895522497,300,2.8103808138102826,101.6406662184555,mixed,normal,199.02802434392166
343,Chevrolet,Kona,66.16759174811901,5.8415142307374035,2222.070938202737,38.200870355885115,338,7.129600078588058,97.83606633852041,hilly,normal,163.80798079832346
344,BMW,Bolt,57.66794557251506,3.598358851671274,2386.1957804650747,9.210335649290013,266,0.11492473298115313,49.39506829807959,mixed,eco,131.83546323116295
345,Hyundai,EV6,96.9071984177294,3.805274785025067,2093.044334186784,-8.05019937125442,460,4.087772612291321,60.24063530910979,hilly,normal,163.13681974455085
346,Tesla,Model 3,85.81634764958565,4.630497570708588,1891.5256981778293,-8.452210454032823,692,9.240268704257328,71.91142875860515,flat,eco,224.00081058676676
347,BMW,Bolt,48.40679054598715,5.834687543819762,1912.6218408486238,9.399337997343473,455,1.1188061654912385,99.60429430040247,flat,eco,201.3099633564376
348,Chevrolet,i3,92.10807855387478,4.290390262441877,2195.6181464968067,-1.9987531768402977,359,5.16424388218611,112.34692785701718,hilly,eco,173.8505796003392
349,Tesla,Leaf,69.24587189497082,4.768087021720981,1503.2182636042787,-8.832395183590705,67,7.865223823908471,47.02251900206862,flat,normal,186.23450681576435
350,BMW,Kona,93.67313361364549,3.6039321476259802,2119.589337459841,27.810680697508843,862,9.425313075201167,113.01307362030926,hilly,sport,122.27956250272372
351,Hyundai,i3,87.99131535683891,3.870858002405222,1855.4930104413575,12.926150444094535,411,7.46776639533718,92.60621871186522,flat,normal,203.71738375593438
352,BMW,i3,65.512810268154,5.966575307397117,2294.1973312770842,4.462238598632727,970,7.205655486444061,84.96936576165348,mixed,eco,222.53043980062745
353,Hyundai,e-tron,41.348158499207045,5.912796741090114,1592.9906398231321,35.00415915082404,490,8.264880901957625,47.98571441537456,hilly,eco,115.35076525944766
354,Chevrolet,Leaf,56.12064156309677,3.512349952336024,2088.2022669483904,-4.1930519899737195,832,4.462012209775437,34.99725295282355,mixed,normal,93.38824365171735
355,Hyundai,i3,72.49805287965202,5.8795294635580975,1980.9728898861238,37.79594144776596,48,8.058445326178331,81.1618408657146,mixed,eco,256.97266489918326
356,Tesla,i3,78.00869318956885,5.097799844538751,2142.3255259052276,5.698335868867641,686,0.07964404745451126,88.63641149960031,hilly,eco,243.21884021934332
357,Chevrolet,Leaf,55.47326112599214,5.669795736300055,1564.8535944829684,34.42018361543406,563,9.24561055376805,48.970330441921945,mixed,normal,178.97126291816363
358,Tesla,Leaf,48.36136444436945,4.636849639084648,2079.983787428131,20.147143823973078,101,4.433065095171753,80.08105852429108,hilly,normal,150.16796719302562
359,Audi,i3,90.09581420795794,4.788990071448126,2061.4845879595237,31.33536798707437,215,5.533801878657476,107.08440624863162,mixed,normal,227.01251022978653
360,Nissan,Leaf,99.06413084221313,4.7221164506423,2060.660094416171,39.20065816052321,437,2.548822489148823,105.1559350909518,hilly,eco,210.80999158103873
361,Hyundai,i3,71.54141093816115,5.167160643865261,2103.487666596455,4.420271890937286,699,7.425308328404214,113.46196625276674,hilly,eco,157.2389713192319
362,Nissan,i3,50.30075715089821,3.849128136890782,2176.467937226362,38.05677427037965,568,0.7663580647524881,62.92972286011924,flat,sport,110.34792181387117
363,Nissan,e-tron,56.338439591162135,3.574933974681695,2304.9889996807697,9.474094745121018,558,8.726358025468352,58.62446152958268,hilly,sport,98.41258273230628
364,Hyundai,Model 3,41.103440592848,4.269824853977977,1769.8207201282144,9.275595236846115,158,8.281168290063427,97.44834053827277,hilly,normal,93.82864824897611
365,Chevrolet,i3,94.85792839362995,5.261701906841617,2325.0494101800623,7.019355212725284,488,2.160601162447664,68.80011645873046,mixed,sport,253.55072141540074
366,Audi,Bolt,47.06506497340847,4.004633630307371,1998.2556822634538,17.07038036737926,685,8.093243982852623,37.87937976250026,hilly,eco,125.98934445781279
367,Tesla,Kona,74.59098853085521,5.183581083312293,1577.058279134331,-2.292747841075645,241,7.863577330614815,55.45210176034497,flat,sport,192.6027307500466
368,BMW,EV6,56.44331324123236,5.924780115268176,1558.5509292439792,17.68557426790056,793,6.32216597753949,67.67240569783402,mixed,eco,299.47328132505424
369,Tesla,Model 3,73.2506801509476,3.734751789473546,1834.2383186960608,17.0852406205002,752,3.735201768996875,56.32647829286268,mixed,normal,180.87276695197843
370,BMW,Model 3,79.08522330111185,5.181505295562816,2284.8969771114675,28.095090630243497,881,2.7149875418186786,59.898501385258946,flat,normal,291.6548591176138
371,Tesla,Model 3,89.7845082224321,4.609375548261427,2207.6809347409157,31.68249809687928,4,2.3178359028935,56.439831555695164,mixed,eco,278.44455630847347
372,Hyundai,e-tron,52.3852763056362,5.670355635943763,2288.6149646724066,12.022067515621202,595,3.186089627636072,33.73492504647715,mixed,sport,125.78373141627955
373,Audi,i3,40.65974971950883,3.9428744736184647,2017.2690564416093,5.116662467574688,819,9.035584434325303,87.33852307419983,mixed,normal,95.32442890179317
374,BMW,e-tron,48.213137804128436,5.231564880565411,1940.1989979554905,2.9667448658547233,360,0.7764077598878127,83.75631783181224,mixed,normal,157.31017334627813
375,Kia,i3,94.0011185108863,5.595288224120276,1647.452526706284,-0.268808164756404,458,8.288712762529586,88.80451486308125,flat,sport,253.01772746011292
376,Chevrolet,e-tron,92.43340465375091,5.861535548685058,1828.1927536093115,-7.117620890048756,247,3.4889007504182357,47.30789064302647,flat,sport,256.07008205641813
377,Tesla,e-tron,75.8447861302185,5.208120070724115,1934.0193661738754,7.122398941735668,565,5.215993960113582,56.60890874512367,mixed,eco,236.36161127516186
378,Tesla,Kona,76.0310116260192,4.7429369100210685,1588.6004296796173,3.512384606539163,672,7.944856336484907,85.765433425043,mixed,sport,182.45311532276855
379,BMW,Bolt,79.90220047277532,5.044618100503035,1720.6119527112112,38.32086929332037,945,8.843765470229712,83.96648116139292,flat,sport,217.07917378145686
380,Chevrolet,e-tron,50.522276717406974,5.672262461196795,2098.225294063739,17.885441312502195,421,3.4478142007264703,75.5697278418841,flat,sport,194.53682405787788
381,Chevrolet,Kona,94.8647167554976,4.926524366597074,2235.66311423919,7.363851951525376,922,4.6184348127511035,61.53719250091777,flat,eco,355.59632256256504
382,Hyundai,Leaf,65.12623149352439,3.575967649242092,2498.34751139295,19.0233800496848,737,4.145160648167923,112.1637904297221,mixed,eco,139.06730074986632
383,Kia,Bolt,62.98831169496985,5.827371738767445,2433.1133313435575,-3.040164932715225,14,0.13251033503910548,60.57932180689594,mixed,normal,207.95620673415112
384,Hyundai,e-tron,71.13506231697025,5.223816877578903,2142.5651995351914,12.202187460110146,735,2.959428888586566,71.00572407935265,hilly,eco,258.346537107599
385,Hyundai,EV6,42.817958006503304,5.191283464443116,1921.248053294072,21.31171607105319,572,4.591892337325618,91.03024478587878,flat,normal,135.74109276469696
386,Hyundai,Model 3,49.97700212536476,4.039187880994293,2136.1773647082327,14.444891589622568,121,4.110936088804397,78.87192877800877,mixed,sport,115.88061312371391
387,Hyundai,Leaf,84.28201698558223,5.147213675581643,2285.651618080232,10.088940032716213,276,7.2192922751567945,61.219737872794695,flat,normal,255.64641205258613
388,Hyundai,Leaf,44.967920075507585,4.484661014135396,1618.3361909233872,39.69241944498491,557,3.8480361722110326,69.20803114108588,mixed,normal,119.02669628346575
389,Audi,Kona,76.1891265679833,5.128082442603731,1909.9048896962881,34.01573810744635,452,4.893764489706703,101.50327360681555,flat,sport,189.16525974212567
390,Chevrolet,Leaf,54.72094658087926,3.766482575769977,2339.8022856356174,21.170297907972007,389,4.296085921323634,55.03162399379512,mixed,normal,125.86487322668152
391,Hyundai,Bolt,63.35773684251859,5.14461326150759,1883.8329519330441,18.46886805911414,293,7.406261488943705,42.80297157991339,hilly,eco,198.43443258132876
392,Chevrolet,e-tron,57.32162420624199,5.998534314426666,2071.8722712271865,21.033023991229204,573,8.629723989869625,58.18468816467994,hilly,eco,210.81108072535153
393,Chevrolet,e-tron,61.34036298789695,3.62053009715139,2087.7693608621985,0.06560539112166275,597,5.318890790075141,106.45807939391112,flat,eco,125.99838546018336
394,Nissan,EV6,83.14275431105473,5.942935460553294,1684.4762531336394,9.756887163215929,445,7.894321941951912,38.0090743370712,mixed,eco,306.36741178862223
395,Audi,Model 3,57.8273029373905,4.517269901807176,1862.2354416522885,-8.027023355455034,209,2.967866820198506,119.25264660352066,mixed,normal,119.11150673604651
396,Hyundai,Kona,73.98427841781384,5.676883625843148,1834.5112887419323,13.777301874341333,589,5.413696101572687,78.69026090348962,flat,normal,317.9084209312774
397,Tesla,Model 3,68.56302413194598,5.455963710145683,1526.1967085320648,17.151229197883158,713,3.4522995366997247,118.63611695703847,mixed,sport,177.60937382697946
398,BMW,Leaf,79.8202699217589,4.91754065246667,1524.1917638913553,1.3874868051604796,301,4.142009255718303,114.50967798773797,flat,normal,219.29585884809873
399,Kia,EV6,96.20978435948548,5.3461230231283166,2331.6970436757733,38.201442358275685,908,7.324138648126686,70.75323427898252,mixed,normal,268.67976827377566
400,Tesla,Model 3,83.95432583261501,5.69628890325337,1773.0708099728124,35.4727305468621,222,8.816624823327126,47.86419671448142,flat,normal,287.2658474104309
401,Audi,Bolt,52.896422715445404,4.510350804127582,2018.0787662388154,26.107161772795294,733,1.2149539108776541,44.83962989086246,mixed,sport,117.73835016201551
402,BMW,e-tron,41.87098810367708,4.317582903908097,1798.725573588773,16.66933143826813,2,6.346392564873805,51.59904274829617,flat,eco,143.17612079300872
403,Audi,Leaf,55.73584265798951,5.168983463908962,2440.6792451153406,33.498457982384245,989,5.821438075777985,93.91193765080835,mixed,normal,125.9984355164448
404,Chevrolet,EV6,75.70467584201529,5.519614854853146,1759.2967588657739,-3.467382808826854,517,1.1841503917593188,54.56549952583391,hilly,sport,196.0272619943991
405,BMW,Model 3,43.08554880905502,5.4057128369415395,1929.656812738935,29.52548971374425,92,2.118943304401091,60.72827426438685,mixed,sport,136.987783305238
406,Chevrolet,Kona,69.78197483207418,5.494534122146586,2372.730250484602,-3.758959301657585,519,3.110024947326803,70.39009235951534,flat,sport,178.51016582595597
407,Tesla,Bolt,75.81057093501335,4.588958287032332,2341.9335667918085,29.71053312747027,427,1.6693107081750147,112.19094123793107,hilly,eco,161.79615177393944
408,Tesla,Bolt,60.05463344901765,5.544585540437554,1686.1014178462774,3.788378412567848,492,2.437294825243418,47.04540760963614,mixed,normal,207.44725891753328
409,BMW,Model 3,86.25473222474932,3.800522638426521,2302.6433097957106,33.85452905090945,234,2.676007988617075,30.45238973488228,hilly,sport,136.1535229461421
410,BMW,e-tron,46.39589518802631,4.861222744902124,1958.1868867378926,37.202104691269895,619,3.356738330390596,35.40867693403531,mixed,eco,118.59664280305593
411,Hyundai,Model 3,44.50826690414853,3.514396651245304,1982.968872085355,-2.5602015297442184,160,7.493904528011591,111.42897075121061,hilly,sport,107.86604108616078
412,Audi,Leaf,83.6913253722162,4.3114645747506755,1633.4799724159438,13.133780253269677,720,5.719122038506007,88.27648183590267,flat,sport,218.29890227899594
413,Hyundai,Model 3,69.72947897237191,4.416153837178495,1580.6015137571246,39.049368908134255,751,9.862466719514014,54.57365573950261,mixed,sport,147.22870179817807
414,Audi,Bolt,81.30414378566417,4.490431729023139,2227.9393069737653,14.170371798657332,330,4.14735826967471,45.9473250910072,mixed,sport,188.1290432877333
415,Hyundai,EV6,66.08964031622477,5.238668016724656,1996.4611523552999,33.17737612572726,332,7.538650738369251,56.48400629734029,flat,sport,183.78531156600798
416,Chevrolet,Model 3,54.78412199434641,4.4713952531758645,1936.8507026151797,19.436576106565994,49,8.714684213765338,40.33172345261521,hilly,eco,119.22250416076045
417,BMW,e-tron,89.14613906045199,4.621734056556327,2229.5082286523966,8.766495395980094,522,6.789784930380419,114.73796192559969,flat,normal,216.3756057512056
418,Tesla,EV6,87.96495273813875,4.093860327185819,2265.51289899111,4.28917777629351,862,4.1186474041749594,100.57855569287402,flat,normal,204.8452355780847
419,Audi,Kona,81.6817882512656,4.43312947907335,1658.9081676693536,0.16115455430436398,667,7.53594630745753,71.61520592212867,hilly,normal,193.5098698454583
420,Audi,i3,56.32870823379776,4.068174068157878,2110.225149477641,28.089909568884863,491,2.0366713777268486,107.84663446036818,flat,normal,145.77036661859808
421,Tesla,Model 3,75.41384001214523,3.682989809421109,1635.3540822776856,9.327025341151394,581,3.2755216518013244,52.451238386390905,mixed,eco,194.9361084387489
422,Hyundai,e-tron,61.65843381640161,5.008621483453445,2251.3750860290456,15.563773110037559,680,5.466852550992888,94.54085116249742,mixed,eco,204.81857226993043
423,Audi,EV6,45.49492439959805,5.170531996387541,2156.9551562671395,14.616274000059096,271,5.754093872861484,107.05192491123691,mixed,eco,146.97083688935967
424,Kia,e-tron,95.03881452773456,5.0487258650240365,2456.6146210834577,18.863951461656562,579,0.22141475472629457,62.10918404609453,flat,sport,301.0668725514183
425,Chevrolet,Kona,48.209117855137684,4.658735109501431,1568.9580163564212,33.27885728122761,866,9.451141887560087,98.17180009056459,mixed,sport,115.52537095913526
426,BMW,Bolt,97.01424122924814,4.449464450448074,1557.0547211512544,39.03696717917147,251,6.9662727121739,56.55651143378785,mixed,sport,213.50752331217203
427,Tesla,e-tron,66.76034637747735,5.6583341239295635,1782.1870746932002,10.379210428690847,559,4.957037502318911,56.89714217331277,mixed,normal,245.36369629290763
428,BMW,EV6,51.10797573031718,4.797704462840545,1761.705683735906,31.37594610531515,695,9.331272344083084,39.63514606987675,mixed,sport,106.91996029021809
429,Kia,e-tron,72.51405684270148,4.697954694074328,1746.978799072,28.226389732735882,831,4.390955652508285,69.60522418584588,mixed,normal,242.72848244561087
430,Audi,e-tron,92.37675015258449,3.5641051645160893,2406.2545805210366,18.676447572778663,698,9.804355702703717,95.674071584768,mixed,sport,156.2959943697358
431,Audi,e-tron,83.93349318457368,4.353119569065391,1749.5461998495061,37.80235718059666,89,5.122847572434851,114.61987250141564,flat,normal,209.29778011925043
432,Kia,Leaf,88.39366887168698,4.450489046964643,1771.949726128631,0.02372577642013951,445,1.1428576999797946,84.34172927361865,mixed,sport,216.68670782390623
433,Tesla,Leaf,79.52700200264304,4.497056952242251,2259.3982624179635,-4.53678948451893,331,7.6480097245927725,107.6821983962165,mixed,sport,122.22088476103752
434,Chevrolet,Bolt,81.53659387107115,4.950430923068331,1949.73984245054,32.69809834777111,138,6.788977250778405,104.02451843612043,hilly,eco,211.28992033634373
435,Nissan,Model 3,90.95173909391916,4.834006366817196,2276.7105569551813,11.957490831687416,356,7.729867213055868,45.60087476777528,flat,sport,207.11624320743226
436,Tesla,e-tron,54.98008053155115,5.019762731983612,1565.3661575643853,32.34844271035303,600,9.514420287256812,73.72356860213682,flat,sport,167.09216940252804
437,Nissan,Kona,69.36549781858844,5.412208153855321,1987.5711936733842,34.654510259770746,273,7.764893026510181,40.52311819728523,flat,eco,227.5458091022693
438,Kia,Model 3,53.27256650917613,5.532464346790234,1533.6136001832826,-6.877120319046428,18,6.113366022166469,91.39378454054714,flat,normal,147.19534950771083
439,Hyundai,Kona,99.26008047979883,5.295307690566236,1562.6532034553545,34.17323814930303,982,8.573089023608409,115.49097014214684,mixed,eco,266.4213765565282
440,Nissan,Model 3,96.64356038119679,5.888809239887337,2406.437453344411,12.415952768471108,310,6.732464393545316,42.33805122708809,mixed,eco,311.24589842404134
441,Chevrolet,Bolt,42.365608682110356,3.545581456690904,1639.2453711175951,15.521624450211611,869,4.081190568259231,96.04948177222872,hilly,normal,104.1515398434871
442,Hyundai,e-tron,82.33451035094131,3.9894449642088654,2032.4206822752171,21.329625554660513,885,8.856197642417733,86.90143357810749,hilly,sport,141.72720729796194
443,Nissan,e-tron,95.51489904493995,3.5189071874453552,1911.0956026007066,36.31913033650434,977,2.2190046078437287,82.52445333072897,flat,normal,225.31870818477265
444,Kia,i3,50.83452070764001,5.118686785386507,1847.3433262588428,-9.044195278511799,153,7.146412749087242,65.11082112195052,hilly,sport,107.63260921874841
445,Hyundai,Kona,74.07671383315777,5.745076372374967,2399.8333456872724,13.842173415890855,389,8.81563454940757,61.96184829784313,hilly,sport,170.5109304213321
446,Kia,Model 3,94.92929785528251,4.108705741440748,1521.8233967754895,24.386102121528033,259,7.313165197032962,34.07242701169991,flat,normal,273.3576673991195
447,Nissan,Model 3,42.03675871514793,5.817586361990767,2163.789686175589,26.135347884911425,619,6.972754190538569,49.61178374268121,flat,eco,180.8844225361773
448,Kia,Leaf,81.84521603481039,3.650668475723902,2463.3944342135505,24.6266215768554,882,7.52638294071836,31.36591940581442,hilly,normal,126.3609615467539
449,Chevrolet,i3,57.840940442353045,5.836090067013785,2060.168183461842,-3.278243529593907,796,4.650552483006444,82.32753950238185,mixed,sport,157.26376707725188
450,Nissan,EV6,95.46377172259182,4.379056718099086,2436.822462033092,4.969779418584061,570,8.74170682157026,39.52679122901179,hilly,normal,167.6896990230766
451,Nissan,EV6,98.26349470992207,3.7535520711230412,1552.2578792860238,7.935776270850674,124,2.034364751360912,108.57174546267444,hilly,normal,196.35280572325473
452,Nissan,Leaf,96.65598934680604,4.714679397965814,1918.7933190741614,30.221860383975248,353,1.2738641600033929,77.08287186274487,mixed,sport,278.1764497956592
453,Tesla,Leaf,68.45285299944783,4.14194141930127,1760.1577909620512,3.937993620727651,272,2.8550878011851157,92.97209181528376,mixed,eco,196.4949543655305
454,Tesla,Leaf,91.72255905935882,4.212182254904807,2230.8209649807295,0.5352481933601574,618,5.315773967749932,66.97713826564468,flat,normal,224.31292517766528
455,Tesla,Kona,90.67296391210422,4.268224912315716,2481.2970904972467,37.87240095190481,810,5.105617954093381,80.45218281009437,flat,sport,186.31756295247712
456,Chevrolet,Kona,59.146028394595334,5.507564744581659,1756.5300624442477,-9.556835744326555,244,8.205987576765866,114.83932592699675,hilly,sport,101.42503822576165
457,Hyundai,Bolt,89.73492844904064,4.847903191688136,2154.1746014740747,39.89104278409891,847,4.0456865640401745,37.44606356613037,mixed,normal,218.26579048855675
458,Kia,Bolt,42.220458082929554,4.278269247890009,1698.09763275974,23.841064942869778,449,4.843444262915087,52.85439947313265,flat,eco,147.07198525682534
459,Audi,Leaf,75.77619270892319,5.025834458277296,2065.3302545716097,31.423464972455854,929,0.13367683259395635,100.19894942194898,hilly,normal,196.6920075569586
460,Nissan,i3,53.80053023726218,5.290376685557984,1963.9324866883362,4.730969817309658,246,4.097392364429391,38.88634861943993,mixed,eco,169.6059396760358
461,Kia,Model 3,47.23401314663673,4.181560001833835,2472.0053296315373,-9.284236116647001,519,6.477742329503421,36.80949935136998,hilly,eco,111.81359223253573
462,Nissan,Kona,44.61719209775255,4.5338727538133785,2108.5272726964668,26.893475928076505,140,0.15508330626592182,62.53872588786347,flat,eco,162.6381029794496
463,Chevrolet,i3,81.77732655268838,3.804715233342369,1849.5063720868188,31.70722985003379,361,2.8088196518624375,38.29511626251891,flat,eco,212.97255156031343
464,Nissan,e-tron,60.39249782608397,3.9528733738367006,1614.0957848879334,27.023806597675957,7,2.0795635928938996,82.65705979855828,mixed,normal,170.03897061492017
465,Tesla,Kona,83.48600629172569,5.202794634912457,1651.2468287349345,-2.8574856349580706,477,0.4198542890958823,50.36477257349398,hilly,sport,194.1677330791358
466,Audi,Kona,43.92138044793654,3.9535958692390674,1725.3169299512351,27.671396112848456,351,4.792600899145375,110.6128166879435,mixed,sport,82.34417197562485
467,BMW,Bolt,58.91742026983662,4.81290845916765,1750.966661340298,28.446139105382052,995,1.817232932281565,100.5150072760731,flat,sport,186.14307062979842
468,Nissan,Model 3,72.36947754252023,5.272615654306081,2350.6160578411377,22.927025783502742,494,7.430815396313801,92.97346854895287,flat,sport,195.5971186295797
469,Kia,Model 3,87.44338989033781,3.7671923077368596,2061.222788282525,28.30579663977931,605,8.479278837633485,85.52496246460518,hilly,sport,136.86518440397876
470,Tesla,EV6,59.12515017592419,4.918280549072259,2023.3909113743664,32.296071983886605,832,5.455851826691478,107.7119157307317,hilly,sport,128.47214241233394
471,BMW,EV6,77.55348258622055,4.141406959253409,1614.7688718692175,20.680205711872922,426,9.817073425211415,50.07558553884812,hilly,normal,187.5987012026101
472,Audi,EV6,93.15866489417124,5.90731718809395,2360.139693349435,-5.569764301516047,38,4.504785714705953,108.57979584878049,mixed,eco,241.21418564604252
473,BMW,EV6,76.95179129093827,4.708864116799812,2222.8143032084836,14.381390483360544,592,5.133682102249155,101.05430685816471,hilly,sport,152.4406931005124
474,Tesla,e-tron,53.97756848521803,5.5149813744378955,1567.6683619000016,-6.117533266419747,186,9.892177539577501,97.3344743748917,hilly,normal,119.78297678977
475,Hyundai,e-tron,41.46404689339228,4.875566355390655,2207.8350972297685,10.377151551621541,595,2.315484359650488,80.51301102674316,flat,sport,134.9420218002183
476,Hyundai,Kona,92.2059324340558,3.608531332137048,2043.538217342646,10.35532445628138,599,9.425459396769053,52.16197448735401,flat,sport,166.66816730126146
477,BMW,Leaf,41.27616465102323,5.082878438985055,1581.7253457467782,-6.699507792987921,753,0.42837555119113246,68.11931243927067,hilly,eco,116.31726066479497
478,Chevrolet,Bolt,92.48210036105196,5.878508355516642,1958.3006415286563,7.441026698473966,853,4.463868902631948,101.42135890849214,hilly,eco,272.92330651668755
479,Kia,Bolt,71.73622804163273,5.0040295503658285,1984.696287130047,-4.450095060434258,92,0.7000351213306577,32.8600635921592,flat,eco,231.0549325559877
480,Kia,EV6,96.34406191077377,5.547972148566975,1665.7745401632758,30.411760500461106,85,7.29234742913643,100.38456923373825,hilly,sport,220.1727908769746
481,BMW,Kona,87.92699414641993,5.71051615837102,2445.6981470002825,37.38440129822354,43,6.084089358800178,51.60636664388099,mixed,sport,211.92232246429612
482,Nissan,i3,99.87604663200025,4.070199429872331,2349.975371480662,-6.38417623710307,136,7.066342634675964,42.987828064944274,mixed,sport,141.84256631053842
483,Nissan,Leaf,61.04270892710261,4.030112099770567,2169.0223373291083,37.75576036458507,420,3.74480399968017,40.413118636227196,mixed,eco,132.59723300948923
484,Kia,Kona,86.0312973358676,5.02745247212748,1962.2955610006072,16.12882996683726,73,3.6948193403138028,32.45250107557336,hilly,normal,224.47702340651165
485,Kia,Leaf,64.11585481655453,4.527571174516762,1911.7655415845086,4.978283897693695,547,0.45319278960894605,77.12278366993075,flat,sport,199.71179367374347
486,Hyundai,Leaf,68.79253721823453,5.599653257166801,2150.973467150954,-6.156896236191825,612,3.4994493952963976,49.64338854243565,hilly,sport,126.06349354909808
487,Chevrolet,Leaf,77.6503277931022,5.750057808495027,2045.4318694069054,15.03121340352089,987,9.292884022620594,119.04885892016684,hilly,sport,154.090320355525
488,Tesla,Kona,92.42062685118032,4.383553448256795,1562.2731058818856,29.72577722453743,511,3.79226537180449,81.69930802849852,flat,normal,323.32097035924704
489,Nissan,EV6,99.04500815195772,4.092176397436205,2012.5026487703317,25.354323863334905,155,8.3136770622197,42.409674242040936,flat,sport,197.49605142883183
490,Kia,Bolt,86.0964048318711,5.451313788109655,2306.4036172328397,-7.488699426801312,937,8.42325504749934,91.98862867302287,flat,normal,224.42770760421152
491,Hyundai,Bolt,65.06600693004003,4.18701508887034,1959.2398775969582,-6.354908231604824,254,3.732411563792338,110.79692098587527,mixed,sport,111.59420966932312
492,Audi,EV6,65.2814201366242,5.556535796284196,1551.9565775542685,10.143664131631855,170,6.31988680396189,97.06615458326529,hilly,normal,198.26270479742064
493,Hyundai,Leaf,84.25493809533349,4.559345634121907,2286.278199384033,4.764524702397164,980,0.9537160227305863,36.87958749355029,flat,sport,185.8817015775507
494,Nissan,i3,54.32662874609814,5.168874748228676,1701.3637821359744,1.619216152802391,727,1.036785807342765,110.62957630733936,hilly,eco,136.93037214810317
495,Nissan,Model 3,46.62844678788368,3.7388382845866706,1758.6208348880386,4.05022494543568,169,0.48657663661713313,101.45364472739683,mixed,eco,121.86961825166757
496,Hyundai,Kona,61.27732945844659,5.059648311691433,1664.7063534322958,30.174137164844232,763,5.810150933751094,44.247351009505294,mixed,eco,232.79087201943918
497,Tesla,Model 3,57.2343394992449,4.629419196843073,1830.2150648714976,36.461402681592695,871,4.2607097762609705,34.660729985953516,flat,eco,172.72422564963392
498,BMW,EV6,57.778487227359406,4.966521157938685,2256.751505688635,10.255134726378323,321,5.480323566642401,80.15795177828777,flat,sport,139.63956148972406
499,Nissan,i3,54.0164650629946,3.9200355193621585,2019.3858595039374,35.30555010662486,566,5.210731905083879,44.04322302059792,hilly,eco,114.81851679354239
500,Hyundai,Kona,42.525591378181716,5.342184362360455,1704.8812741507127,6.074785062394099,455,3.5020299109073028,105.11318573357448,flat,normal,152.3812996537021
